{
  "$schema": "https://raw.githubusercontent.com/googleapis/release-please/main/schemas/config.json",
  "release-type": "go",
  "packages": {
    ".": {}
  },
  "changelog-sections": [
    {"type":"feat","section":":sparkles: Features","hidden":false},
    {"type":"fix","section":":bug: Bug Fixes","hidden":false},
    {"type":"style","section":":gem: Styles","hidden":false},
    {"type":"refactor","section":":hammer: Code Refactoring","hidden":false},
    {"type":"perf","section":":rocket: Performance Improvements","hidden":false},
    {"type":"build","section":":package: Builds","hidden":false},
    {"type":"chore","section":":wrench: Chores","hidden":false},
    {"type":"revert","section":":warning: Reverts","hidden":false},
    {"type":"ci","section":":robot: CI/CD","hidden":false}
  ]
}
